Workbook

Sheet Plan
Q4: Wall type
R5: Drywall
R6: Half Drywall
R7: Glass
R8: Core
R9: Perimeter windows
R10: Perimeter wall
R11: Door_length

Sheet Furniture Inventory
B4: Cost Code | C4: Floor | D4: Room ID | E4: Room Type | F4: Item Description | G4: Supplier | H4: Quantity | I4: Unit Price | J4: Total Price
B5: Can be customized | C5: 1 | D5: 186 | E5: Office - Receiving Guests | F5: Desk Table W70 X L140 | G5: Can be customized | H5: 1 | I5: 0 | J5: =H5*I5 -> 0
C6: 1 | D6: 186 | E6: Office - Receiving Guests | F6: Executive Chairs W58 X L60 | H6: 1 | I6: 0 | J6: =H6*I6 -> 0
C7: 1 | D7: 133 | E7: Conference | F7: Conference Table W120 X L360 | H7: 1 | I7: 0 | J7: =H7*I7 -> 0
C8: 1 | D8: 133 | E8: Conference | F8: Conference Chairs W58 X L55 | H8: 10 | I8: 0 | J8: =H8*I8 -> 0
C9: 1 | D9: 283 | E9: Conference | F9: Workstation Table W70 X L160 | H9: 1 | I9: 0 | J9: =H9*I9 -> 0
C10: 1 | D10: 284 | E10: Conference | F10: Workstation Table W70 X L160 | H10: 1 | I10: 0 | J10: =H10*I10 -> 0
C11: 1 | D11: 286 | E11: Kitchen | F11: Counter Kitchen W63 X L480 | H11: 1 | I11: 0 | J11: =H11*I11 -> 0
C12: 1 | D12: 286 | E12: Kitchen | F12: Refrigerators Kitchen W66 X L90 | H12: 1 | I12: 0 | J12: =H12*I12 -> 0
C13: 1 | D13: 286 | E13: Kitchen | F13: Bar Table W70 X L300 | H13: 1 | I13: 0 | J13: =H13*I13 -> 0
C14: 1 | D14: 286 | E14: Kitchen | F14: Bar Chairs W60 X L50 | H14: 4 | I14: 0 | J14: =H14*I14 -> 0
C15: 1 | D15: 279 | E15: Executive Office | F15: Side (Guest) Chairs W58 X L58 | H15: 2 | I15: 0 | J15: =H15*I15 -> 0
C16: 1 | D16: 279 | E16: Executive Office | F16: Executive Chairs W58 X L60 | H16: 1 | I16: 0 | J16: =H16*I16 -> 0
C17: 1 | D17: 279 | E17: Executive Office | F17: Desk Table W80 X L200 | H17: 1 | I17: 0 | J17: =H17*I17 -> 0
... C79: 1 | D79: 337 | E79: Open Space WorkStation | F79: Coffee Table Table W40 X L40 | H79: 4 | I79: 0 | J79: =H79*I79 -> 0

Sheet Furniture Inventory Summary
B4: Cost Code | C4: Item Description | D4: Supplier | E4: Quantity | F4: Unit Price | G4: Total Price
B5: Can be customized | C5: Bar Chairs W60 X L50 | D5: Can be customized | E5: 8 | F5: 0 | G5: =E5*F5 -> 0
C6: Bar Table W70 X L300 | E6: 2 | F6: 0 | G6: =E6*F6 -> 0
C7: Bed Lounge W140 X L90 | E7: 1 | F7: 0 | G7: =E7*F7 -> 0
C8: Booth Phonebooths W100 X L105 | E8: 2 | F8: 0 | G8: =E8*F8 -> 0
C9: Coffee Table Table W40 X L40 | E9: 11 | F9: 0 | G9: =E9*F9 -> 0
C10: Coffee Table Table W55 X L120 | E10: 2 | F10: 0 | G10: =E10*F10 -> 0
C11: Coffee Table Table W80 X L80 | E11: 2 | F11: 0 | G11: =E11*F11 -> 0
C12: Conference Chairs W48 X L50 | E12: 6 | F12: 0 | G12: =E12*F12 -> 0
C13: Conference Chairs W58 X L55 | E13: 22 | F13: 0 | G13: =E13*F13 -> 0
C14: Conference Table W120 X L360 | E14: 1 | F14: 0 | G14: =E14*F14 -> 0
C15: Conference Table W160 X L360 | E15: 1 | F15: 0 | G15: =E15*F15 -> 0
C16: Counter Kitchen W63 X L480 | E16: 1 | F16: 0 | G16: =E16*F16 -> 0
C17: Desk Table W70 X L140 | E17: 3 | F17: 0 | G17: =E17*F17 -> 0
... C37: printer Printhub W61 X L100 | E37: 1 | F37: 0 | G37: =E37*F37 -> 0

Sheet Inventory
B4: Room Image | C4: Floor | D4: Department | E4: Space Type | F4: Subcategory | G4: Room ID | H4: Program Room Name | I4: Headcount | J4: Area (m2) | K4: Area (sqf) | L4: Floor Material | M4: Ceiling Material | N4: Furniture Elements
C5: 1 | D5: GENERAL | E5: Office - Receiving Guests | F5: manager | G5: 186 | H5: office_m | I5: 1 | J5: 12.58 | K5: 135.3608 | L5: Carpet Light Gray | M5: Drywall | N5: Desk Table W70 X L140: 1, Executive Chairs W58 X L60: 1
C6: 1 | D6: GENERAL | E6: IT Room | F6: itroom | G6: 227 | H6: IT | I6: 0 | J6: 4.79 | K6: 51.5404 | L6: Carpet Light Gray | M6: Drywall
C7: 1 | D7: GENERAL | E7: Conference | F7: conference | G7: 133 | H7: conference_l | I7: 10 | J7: 25.53 | K7: 274.7028 | L7: Carpet Light Gray | M7: Drywall | N7: Conference Table W120 X L360: 1, Conference Chairs W58 X L55: 10
C8: 1 | D8: GENERAL | E8: Other | F8: storage | G8: 229 | H8: Mail Room | I8: 0 | J8: 4.9 | K8: 52.724 | L8: Carpet Light Gray | M8: Drywall
C9: 1 | D9: GENERAL | E9: Conference | F9: focus | G9: 283 | H9: focus room | I9: 1 | J9: 6.83 | K9: 73.4908 | L9: Carpet Light Gray | M9: Drywall | N9: Workstation Table W70 X L160: 1
C10: 1 | D10: GENERAL | E10: Conference | F10: focus | G10: 284 | H10: focus room | I10: 1 | J10: 6.83 | K10: 73.4908 | L10: Carpet Light Gray | M10: Drywall | N10: Workstation Table W70 X L160: 1
C11: 1 | D11: GENERAL | E11: Kitchen | F11: employeelounge | G11: 286 | H11: lounge_d700 | I11: 4 | J11: 17.3 | K11: 186.148 | L11: Parquet Herringbone - dark | M11: Black exposed | N11: Counter Kitchen W63 X L480: 1, Sinks Kitchen W49 X L52: 1, Refrigerators Kitchen W66 X L90: 1, Bar Table W70 X L300: 1, Bar Chairs W60 X L50: 4
C12: 1 | D12: GENERAL | E12: Executive Office | F12: executive | G12: 279 | H12: office_xl | I12: 1 | J12: 23.22 | K12: 249.8472 | L12: Carpet Light Gray | M12: Drywall | N12: Side (Guest) Chairs W58 X L58: 2, Executive Chairs W58 X L60: 1, Desk Table W80 X L200: 1, Sofa Lounge W75 X L85: 2, Plants Vegetation W64 X L70: 1, Coffee Table Table W60 X L60: 1
C13: 1 | D13: GENERAL | E13: Office - Receiving Guests | F13: manager | G13: 254 | H13: office_m | I13: 1 | J13: 10.47 | K13: 112.6572 | L13: Carpet Light Gray | M13: Drywall | N13: Desk Table W70 X L140: 1, Executive Chairs W58 X L60: 1
C14: 1 | D14: GENERAL | E14: Conference | F14: conference | G14: 207 | H14: conference_m | I14: 12 | J14: 26.22 | K14: 282.1272 | L14: Carpet Light Gray | M14: Drywall | N14: Conference Table W160 X L360: 1, Conference Chairs W58 X L55: 12
C15: 1 | D15: GENERAL | E15: Kitchen | F15: employeelounge | G15: 289 | H15: lounge_d700 | I15: 16 | J15: 27.72 | K15: 298.2672 | L15: Parquet Herringbone - dark | M15: Black exposed | N15: Side (Guest) Chairs W50 X L60: 2, Kitchen Chairs W50 X L40: 16, Coffee Table Table W40 X L40: 1
C16: 1 | D16: GENERAL | E16: Other | F16: wellnessroom | G16: 293 | H16: Wellness_room | I16: 0 | J16: 8.65 | K16: 93.074 | L16: Carpet Light Gray | M16: Drywall | N16: Bed Lounge W140 X L90: 1, Coffee Table Table W40 X L40: 1
C17: 1 | D17: GENERAL | E17: Conference | F17: focus | G17: 298 | H17: focus room | I17: 0 | J17: 6.85 | K17: 73.706 | L17: Carpet Light Gray | M17: Drywall | N17: Coffee Table Table W80 X L80: 1, Side (Guest) Chairs W50 X L60: 3
C18: 1 | D18: GENERAL | E18: Conference | F18: focus | G18: 299 | H18: focus room | I18: 0 | J18: 6.84 | K18: 73.5984 | L18: Carpet Light Gray | M18: Drywall | N18: Coffee Table Table W80 X L80: 1, Side (Guest) Chairs W50 X L60: 3
C19: 1 | D19: GENERAL | E19: Open Space WorkStation | F19: benching140x70 | G19: 149 | H19: benching140x70 | I19: 10 | J19: 31.61 | K19: 340.1236 | L19: Parquet Herringbone - dark | M19: Drywall | N19: Workstation Table W70 X L140: 10, Side (Guest) Chairs W50 X L60: 2, Coffee Table Table W40 X L40: 1
C20: 1 | D20: GENERAL | E20: Storage Room | F20: storage | G20: 314 | H20: storage | I20: 0 | J20: 8.66 | K20: 93.1816 | L20: Carpet Light Gray | M20: Drywall
C21: 1 | D21: GENERAL | E21: Executive Office | F21: executive | G21: 302 | H21: office_xl | I21: 1 | J21: 23.25 | K21: 250.17 | L21: Carpet Light Gray | M21: Drywall | N21: Side (Guest) Chairs W58 X L58: 2, Executive Chairs W58 X L60: 1, Desk Table W80 X L200: 1, Sofa Lounge W75 X L85: 2, Plants Vegetation W64 X L70: 2, Coffee Table Table W60 X L60: 1
C22: 1 | D22: GENERAL | E22: Reception | F22: reception | G22: 132 | H22: reception_2p | I22: 5 | J22: 25.39 | K22: 273.1964 | L22: Parquet Herringbone - dark | M22: Black exposed | N22: Worker Chairs W58 X L48: 2, Reception Table W160 X L220: 1, Sofa Lounge W90 X L100: 3, Low Storage Storage W45 X L100: 3, Plants Vegetation W50 X L51: 2, Coffee Table Table W40 X L40: 1
C23: 1 | D23: GENERAL | E23: Open Space WorkStation | F23: benching140x70 | G23: 252 | H23: benching140x70 | I23: 8 | J23: 26.29 | K23: 282.8804 | L23: Parquet Herringbone - dark | M23: Drywall | N23: Workstation Table W70 X L140: 8, Low Storage Storage W30 X L100: 3
C24: 1 | D24: GENERAL | E24: Open Space WorkStation | F24: benching140x70 | G24: 308 | H24: benching140x70 | I24: 8 | J24: 26.31 | K24: 283.0956 | L24: Parquet Herringbone - dark | M24: Drywall | N24: Workstation Table W70 X L140: 8
C25: 1 | D25: GENERAL | E25: Open Space WorkStation | F25: benching140x70 | G25: 240 | H25: benching140x70 | I25: 20 | J25: 73.49 | K25: 790.7524 | L25: Parquet Herringbone - dark | M25: Drywall | N25: Workstation Table W70 X L140: 20, Sofa Lounge W75 X L85: 2, Low Storage Storage W30 X L100: 2, Plants Vegetation W50 X L51: 1, Coffee Table Table W40 X L40: 1
C26: 1 | D26: GENERAL | E26: Comfort Zone | F26: opencollaboration | G26: 330 | H26: Opencollaboration | I26: 10 | J26: 33.53 | K26: 360.7828 | L26: Parquet Herringbone - dark | M26: Drywall | N26: Bar Table W70 X L300: 1, Workstation Table W62 X L210: 6, Plants Vegetation W64 X L70: 1, Conference Chairs W48 X L50: 6, Bar Chairs W60 X L50: 4
C27: 1 | D27: GENERAL | E27: Comfort Zone | F27: opencollaboration | G27: 332 | H27: Opencollaboration | I27: 2 | J27: 2.9 | K27: 31.204 | L27: Parquet Herringbone - dark | M27: Drywall | N27: Booth Phonebooths W100 X L105: 2
C28: 1 | D28: GENERAL | E28: Print Hub | F28: printhub | G28: 334 | H28: print_hub | I28: 0 | J28: 2.16 | K28: 23.2416 | L28: Parquet Herringbone - dark | M28: Drywall | N28: printer Printhub W61 X L100: 1
C29: 1 | D29: GENERAL | E29: Comfort Zone | F29: opencollaboration | G29: 325 | H29: Opencollaboration | I29: 2 | J29: 12.39 | K29: 133.3164 | L29: Parquet Herringbone - dark | M29: Drywall | N29: Sofa Lounge W90 X L100: 2, Coffee Table Table W55 X L120: 1
C30: 1 | D30: GENERAL | E30: Open Space WorkStation | F30: benching140x70 | G30: 336 | H30: benching140x70 | I30: 8 | J30: 27.72 | K30: 298.2672 | L30: Parquet Herringbone - dark | M30: Drywall | N30: Workstation Table W70 X L140: 8
C31: 1 | D31: GENERAL | E31: Comfort Zone | F31: opencollaboration | G31: 331 | H31: Opencollaboration | I31: 5 | J31: 15.53 | K31: 167.1028 | L31: Parquet Herringbone - dark | M31: Drywall | N31: Sofa Lounge W90 X L270: 1, Sofa Lounge W90 X L100: 2, Coffee Table Table W55 X L120: 1, Coffee Table Table W40 X L40: 2
C32: 1 | D32: GENERAL | E32: Open Space WorkStation | F32: benching140x70 | G32: 335 | H32: benching140x70 | I32: 8 | J32: 28.06 | K32: 301.9256 | L32: Parquet Herringbone - dark | M32: Drywall | N32: Workstation Table W70 X L140: 8
... C34: 1 | D34: GENERAL | E34: Open Space WorkStation | F34: benching140x70 | G34: 337 | H34: benching140x70 | I34: 20 | J34: 75.7 | K34: 814.532 | L34: Parquet Herringbone - dark | M34: Drywall | N34: Workstation Table W70 X L140: 20, Sofa Lounge W75 X L85: 4, Low Storage Storage W30 X L100: 3, Side (Guest) Chairs W50 X L60: 4, Plants Vegetation W50 X L51: 4, Coffee Table Table W40 X L40: 4
C35: 1 | D35: NaN | E35: Circulation | F35: NaN | G35: 0 | H35: NaN | I35: 0 | J35: 173.7 | K35: 1869 | L35: Parquet Herringbone - dark | M35: Drywall | N35: NaN | O35: NaN | P35: NaN | Q35: NaN | R35: NaN | S35: NaN | T35: NaN | U35: NaN | V35: NaN | W35: NaN | X35: NaN | Y35: NaN | Z35: NaN

Sheet General
B4: Floor Height | C4: Unit Type | D4: Ceiling Height | E4: Unit Type | F4: Door Height | G4: Unit Type | H4: Glass Partition Height | I4: Unit Type | J4: Glass Plaster Wall Height | K4: Unit Type
B5: 400 | C5: m | D5: 3 | E5: m | F5: 2.1 | G5: m | H5: 2.98 | I5: m | J5: 1 | K5: m
B7: Floors | F7: Ceilings | J7: Walls | O7: Glass Partitions | T7: Doors
B8: Material Name | C8: Material ID | D8: Unit Type | E8: Unit Price | F8: Material Name | G8: Material ID | H8: Unit Type | I8: Unit Price | J8: Material Name | K8: Material ID | L8: Length (m) | M8: Unit Type | N8: Unit Price | O8: Material Name | P8: Material ID | Q8: Length (m) | R8: Unit Type | S8: Unit Price | T8: Type Name | U8: Type ID | V8: Unit Type | W8: Amount | X8: Unit Price
B9: Carpet Light Gray | C9: 2241 | D9: m^2 | E9: 0 | F9: Drywall | G9: 1111 | H9: m^2 | I9: 0 | J9: Drywall | K9: 4446 | L9: 105.03 | M9: m | N9: 0 | O9: Glass Partitions | P9: 4446 | Q9: 28.07 | R9: m | T9: Glass | U9: 5558 | V9: Number | W9: 13 | X9: 0
B10: Parquet Herringbone - dark | C10: 2230 | D10: m^2 | E10: 0 | F10: Black exposed | G10: 1117 | H10: m^2 | I10: 0 | J10: Perimeter wall | K10: 4446 | L10: 6.01 | M10: m | N10: 0 | T10: Solid | U10: 5559 | V10: Number | W10: 3 | X10: 0
J11: Perimeter windows | K11: 4446 | L11: 125.47 | M11: m | N11: 0
J12: Columns | K12: 4446 | L12: 46.336059 | M12: m | N12: 0

Sheet Main Summary
B4: Material Category | C4: Material Name | D4: Material ID | E4: Unit Type | F4: Quantity Amount (m^2/m/number) | G4: Quantity Amount | H4: Unit Price | I4: Total cost
B5: =IF(ISBLANK(C5),"",'General'!$B$7) -> Floors | C5: ='General'!B9 -> Carpet Light Gray | D5: =IF(ISBLANK(C5),"",VLOOKUP(C5,'General'!$B$9:$C$10,2,FALSE)) -> 2241 | E5: =IF(ISBLANK(C5),"",VLOOKUP(C5,'General'!$B$9:$E$10,3,FALSE)) -> m^2 | F5: =ROUND(IF(ISBLANK(C5),"",SUMIF('Inventory'!$L1:$L78,$C5,'Inventory'!$K1:$K78)),2) -> 2025.03 | G5: 0 | H5: =IF(ISBLANK(C5),"",VLOOKUP(C5,'General'!$B$9:$E$10,4,FALSE)) -> 0 | I5: =IF(ISBLANK(C5),"",H5*G5) -> 0
B6: =IF(ISBLANK(C6),"",'General'!$B$7) -> Floors | C6: ='General'!B10 -> Parquet Herringbone - dark | D6: =IF(ISBLANK(C6),"",VLOOKUP(C6,'General'!$B$9:$C$10,2,FALSE)) -> 2230 | E6: =IF(ISBLANK(C6),"",VLOOKUP(C6,'General'!$B$9:$E$10,3,FALSE)) -> m^2 | F6: =ROUND(IF(ISBLANK(C6),"",SUMIF('Inventory'!$L1:$L78,$C6,'Inventory'!$K1:$K78)),2) -> 6453.84 | G6: 0 | H6: =IF(ISBLANK(C6),"",VLOOKUP(C6,'General'!$B$9:$E$10,4,FALSE)) -> 0 | I6: =IF(ISBLANK(C6),"",H6*G6) -> 0
B7: =IF(ISBLANK(C5),"",'General'!$F$7) -> Ceilings | C7: ='General'!F9 -> Drywall | D7: =IF(ISBLANK(C7),"",VLOOKUP(C7,'General'!$F$9:$I$10,2,FALSE)) -> 1111 | E7: =IF(ISBLANK(C7),"",VLOOKUP(C7,'General'!$F$9:$I$10,3,FALSE)) -> m^2 | F7: =ROUND(IF(ISBLANK(C7),"",SUMIF('Inventory'!$M1:$M78,$C7,'Inventory'!$K1:$K78)),2) -> 7721.26 | G7: 0 | H7: =IF(ISBLANK(C7),"",VLOOKUP(C7,'General'!$F$9:$I$10,4,FALSE)) -> 0 | I7: =IF(ISBLANK(C7),"",H7*G7) -> 0
B8: =IF(ISBLANK(C6),"",'General'!$F$7) -> Ceilings | C8: ='General'!F10 -> Black exposed | D8: =IF(ISBLANK(C8),"",VLOOKUP(C8,'General'!$F$9:$I$10,2,FALSE)) -> 1117 | E8: =IF(ISBLANK(C8),"",VLOOKUP(C8,'General'!$F$9:$I$10,3,FALSE)) -> m^2 | F8: =ROUND(IF(ISBLANK(C8),"",SUMIF('Inventory'!$M1:$M78,$C8,'Inventory'!$K1:$K78)),2) -> 757.61 | G8: 0 | H8: =IF(ISBLANK(C8),"",VLOOKUP(C8,'General'!$F$9:$I$10,4,FALSE)) -> 0 | I8: =IF(ISBLANK(C8),"",H8*G8) -> 0
B9: =IF(ISBLANK(C5),"",'General'!$J$7) -> Walls | C9: ='General'!J9 -> Drywall | D9: =IF(ISBLANK(C9),"",VLOOKUP(C9,'General'!$J$9:$N$12,2,FALSE)) -> 4446 | E9: =IF(ISBLANK(C9),"",VLOOKUP(C9,'General'!$J$9:$N$12,4,FALSE)) -> m | F9: =ROUND(IF(ISBLANK(C9),"",'General'!$D$5*(VLOOKUP(C9,'General'!$J$9:$N$12,3,FALSE))),2) -> 315.09 | G9: 0 | H9: =IF(ISBLANK(C9),"",VLOOKUP(C9,'General'!$J$9:$N$12,5,FALSE)) -> 0 | I9: =IF(ISBLANK(C9),"",H9*F9) -> 0
B10: =IF(ISBLANK(C6),"",'General'!$J$7) -> Walls | C10: ='General'!J10 -> Perimeter wall | D10: =IF(ISBLANK(C10),"",VLOOKUP(C10,'General'!$J$9:$N$12,2,FALSE)) -> 4446 | E10: =IF(ISBLANK(C10),"",VLOOKUP(C10,'General'!$J$9:$N$12,4,FALSE)) -> m | F10: =ROUND(IF(ISBLANK(C10),"",'General'!$D$5*(VLOOKUP(C10,'General'!$J$9:$N$12,3,FALSE))),2) -> 18.03 | G10: 0 | H10: =IF(ISBLANK(C10),"",VLOOKUP(C10,'General'!$J$9:$N$12,5,FALSE)) -> 0 | I10: =IF(ISBLANK(C10),"",H10*F10) -> 0
B11: =IF(ISBLANK(C7),"",'General'!$J$7) -> Walls | C11: ='General'!J11 -> Perimeter windows | D11: =IF(ISBLANK(C11),"",VLOOKUP(C11,'General'!$J$9:$N$12,2,FALSE)) -> 4446 | E11: =IF(ISBLANK(C11),"",VLOOKUP(C11,'General'!$J$9:$N$12,4,FALSE)) -> m | F11: =ROUND(IF(ISBLANK(C11),"",'General'!$D$5*(VLOOKUP(C11,'General'!$J$9:$N$12,3,FALSE))),2) -> 376.41 | G11: 0 | H11: =IF(ISBLANK(C11),"",VLOOKUP(C11,'General'!$J$9:$N$12,5,FALSE)) -> 0 | I11: =IF(ISBLANK(C11),"",H11*F11) -> 0
B12: =IF(ISBLANK(C8),"",'General'!$J$7) -> Walls | C12: ='General'!J12 -> Columns | D12: =IF(ISBLANK(C12),"",VLOOKUP(C12,'General'!$J$9:$N$12,2,FALSE)) -> 4446 | E12: =IF(ISBLANK(C12),"",VLOOKUP(C12,'General'!$J$9:$N$12,4,FALSE)) -> m | F12: =ROUND(IF(ISBLANK(C12),"",'General'!$D$5*(VLOOKUP(C12,'General'!$J$9:$N$12,3,FALSE))),2) -> 139.01 | G12: 0 | H12: =IF(ISBLANK(C12),"",VLOOKUP(C12,'General'!$J$9:$N$12,5,FALSE)) -> 0 | I12: =IF(ISBLANK(C12),"",H12*F12) -> 0
B13: =IF(ISBLANK(C6),"",'General'!$O$7) -> Glass Partitions | C13: ='General'!O9 -> Glass Partitions | D13: =IF(ISBLANK(C13),"",VLOOKUP(C13,'General'!$O$9:$S$9,2,FALSE)) -> 4446 | E13: =IF(ISBLANK(C13),"",VLOOKUP(C13,'General'!$O$9:$S$9,4,FALSE)) -> m | F13: =ROUND(IF(ISBLANK(C13),"",'General'!$H$5*(VLOOKUP(C13,'General'!$O$9:$S$9,3,FALSE))),2) -> 83.65 | G13: 0 | H13: =IF(ISBLANK(C13),"",VLOOKUP(C13,'General'!$O$9:$S$9,5,FALSE)) -> 0 | I13: =IF(ISBLANK(C13),"",H13*F13) -> 0
B14: =IF(ISBLANK(C5),"",'General'!$T$7) -> Doors | C14: ='General'!T9 -> Glass | D14: =IF(ISBLANK(C14),"",VLOOKUP(C14,'General'!$T$9:$X$10,2,FALSE)) -> 5558 | E14: =IF(ISBLANK(C14),"",VLOOKUP(C14,'General'!$T$9:$X$10,3,FALSE)) -> Number | F14: =IF(ISBLANK(C14),"",VLOOKUP(C14,'General'!$T$9:$X$10,4,FALSE)) -> 13 | G14: 0 | H14: =IF(ISBLANK(C14),"",VLOOKUP(C14,'General'!$T$9:$X$10,5,FALSE)) -> 0 | I14: =IF(ISBLANK(C14),"",H14*F14) -> 0
B15: =IF(ISBLANK(C6),"",'General'!$T$7) -> Doors | C15: ='General'!T10 -> Solid | D15: =IF(ISBLANK(C15),"",VLOOKUP(C15,'General'!$T$9:$X$10,2,FALSE)) -> 5559 | E15: =IF(ISBLANK(C15),"",VLOOKUP(C15,'General'!$T$9:$X$10,3,FALSE)) -> Number | F15: =IF(ISBLANK(C15),"",VLOOKUP(C15,'General'!$T$9:$X$10,4,FALSE)) -> 3 | G15: 0 | H15: =IF(ISBLANK(C15),"",VLOOKUP(C15,'General'!$T$9:$X$10,5,FALSE)) -> 0 | I15: =IF(ISBLANK(C15),"",H15*F15) -> 0

Sheet BOM - Floors
B4: Material Category | C4: Material Name | D4: Material ID | E4: Unit Type | F4: Quantity Amount (m^2) | G4: Quantity Amount | H4: Unit Price | I4: Total cost
B5: =IF(ISBLANK(C5),"",'General'!$B$7) -> Floors | C5: ='General'!B9 -> Carpet Light Gray | D5: =IF(ISBLANK(C5),"",VLOOKUP(C5,'General'!$B$9:$C$10,2,FALSE)) -> 2241 | E5: =IF(ISBLANK(C5),"",VLOOKUP(C5,'General'!$B$9:$E$10,3,FALSE)) -> m^2 | F5: =ROUND(IF(ISBLANK(C5),"",SUMIF('Inventory'!$L1:$L78,$C5,'Inventory'!$K1:$K78)),2) -> 2025.03 | G5: 0 | H5: =IF(ISBLANK(C5),"",VLOOKUP(C5,'General'!$B$9:$E$10,4,FALSE)) -> 0 | I5: =IF(ISBLANK(C5),"",H5*G5) -> 0
B6: =IF(ISBLANK(C6),"",'General'!$B$7) -> Floors | C6: ='General'!B10 -> Parquet Herringbone - dark | D6: =IF(ISBLANK(C6),"",VLOOKUP(C6,'General'!$B$9:$C$10,2,FALSE)) -> 2230 | E6: =IF(ISBLANK(C6),"",VLOOKUP(C6,'General'!$B$9:$E$10,3,FALSE)) -> m^2 | F6: =ROUND(IF(ISBLANK(C6),"",SUMIF('Inventory'!$L1:$L78,$C6,'Inventory'!$K1:$K78)),2) -> 6453.84 | G6: 0 | H6: =IF(ISBLANK(C6),"",VLOOKUP(C6,'General'!$B$9:$E$10,4,FALSE)) -> 0 | I6: =IF(ISBLANK(C6),"",H6*G6) -> 0

Sheet BOM - Ceilings
B4: Material Category | C4: Material Name | D4: Material ID | E4: Unit Type | F4: Quantity Amount (m^2) | G4: Quantity Amount | H4: Unit Price | I4: Total cost
B5: =IF(ISBLANK(C5),"",'General'!$F$7) -> Ceilings | C5: ='General'!F9 -> Drywall | D5: =IF(ISBLANK(C5),"",VLOOKUP(C5,'General'!$F$9:$I$10,2,FALSE)) -> 1111 | E5: =IF(ISBLANK(C5),"",VLOOKUP(C5,'General'!$F$9:$I$10,3,FALSE)) -> m^2 | F5: =ROUND(IF(ISBLANK(C5),"",SUMIF('Inventory'!$M1:$M78,$C5,'Inventory'!$K1:$K78)),2) -> 7721.26 | G5: 0 | H5: =IF(ISBLANK(C5),"",VLOOKUP(C5,'General'!$F$9:$I$10,4,FALSE)) -> 0 | I5: =IF(ISBLANK(C5),"",H5*G5) -> 0
B6: =IF(ISBLANK(C6),"",'General'!$F$7) -> Ceilings | C6: ='General'!F10 -> Black exposed | D6: =IF(ISBLANK(C6),"",VLOOKUP(C6,'General'!$F$9:$I$10,2,FALSE)) -> 1117 | E6: =IF(ISBLANK(C6),"",VLOOKUP(C6,'General'!$F$9:$I$10,3,FALSE)) -> m^2 | F6: =ROUND(IF(ISBLANK(C6),"",SUMIF('Inventory'!$M1:$M78,$C6,'Inventory'!$K1:$K78)),2) -> 757.61 | G6: 0 | H6: =IF(ISBLANK(C6),"",VLOOKUP(C6,'General'!$F$9:$I$10,4,FALSE)) -> 0 | I6: =IF(ISBLANK(C6),"",H6*G6) -> 0

Sheet BOM - Glass Partitions
B5: Material Category | C5: Material Name | D5: Material ID | E5: Unit Type | F5: Quantity Amount | H5: Unit Price | I5: Total cost
B6: =IF(ISBLANK(C6),"",'General'!$O$7) -> Glass Partitions | C6: ='General'!O9 -> Glass Partitions | D6: =IF(ISBLANK(C6),"",VLOOKUP(C6,'General'!$O$9:$S$9,2,FALSE)) -> 4446 | E6: =IF(ISBLANK(C6),"",VLOOKUP(C6,'General'!$O$9:$S$9,4,FALSE)) -> m | F6: =ROUND(IF(ISBLANK(C6),"",'General'!$H$5*(VLOOKUP(C6,'General'!$O$9:$S$9,3,FALSE))),2) -> 83.65 | G6: 0 | H6: =IF(ISBLANK(C6),"",VLOOKUP(C6,'General'!$O$9:$S$9,5,FALSE)) -> 0 | I6: =IF(ISBLANK(C6),"",H6*F6) -> 0

Sheet BOM - Doors
B4: Material Category | C4: Material Name | D4: Material ID | E4: Unit Type | F4: Quantity Amount | H4: Unit Price | I4: Total cost
B5: =IF(ISBLANK(C5),"",'General'!$T$7) -> Doors | C5: ='General'!T9 -> Glass | D5: =IF(ISBLANK(C5),"",VLOOKUP(C5,'General'!$T$9:$X$10,2,FALSE)) -> 5558 | E5: =IF(ISBLANK(C5),"",VLOOKUP(C5,'General'!$T$9:$X$10,3,FALSE)) -> Number | F5: =IF(ISBLANK(C5),"",VLOOKUP(C5,'General'!$T$9:$X$10,4,FALSE)) -> 13 | G5: 0 | H5: =IF(ISBLANK(C5),"",VLOOKUP(C5,'General'!$T$9:$X$10,5,FALSE)) -> 0 | I5: =IF(ISBLANK(C5),"",H5*F5) -> 0
B6: =IF(ISBLANK(C6),"",'General'!$T$7) -> Doors | C6: ='General'!T10 -> Solid | D6: =IF(ISBLANK(C6),"",VLOOKUP(C6,'General'!$T$9:$X$10,2,FALSE)) -> 5559 | E6: =IF(ISBLANK(C6),"",VLOOKUP(C6,'General'!$T$9:$X$10,3,FALSE)) -> Number | F6: =IF(ISBLANK(C6),"",VLOOKUP(C6,'General'!$T$9:$X$10,4,FALSE)) -> 3 | G6: 0 | H6: =IF(ISBLANK(C6),"",VLOOKUP(C6,'General'!$T$9:$X$10,5,FALSE)) -> 0 | I6: =IF(ISBLANK(C6),"",H6*F6) -> 0

Sheet BOM - Walls
B4: Material Category | C4: Material Name | D4: Material ID | E4: Unit Type | F4: Quantity Amount | H4: Unit Price | I4: Total cost
B5: =IF(ISBLANK(C5),"",'General'!$J$7) -> Walls | C5: ='General'!J9 -> Drywall | D5: =IF(ISBLANK(C5),"",VLOOKUP(C5,'General'!$J$9:$N$12,2,FALSE)) -> 4446 | E5: =IF(ISBLANK(C5),"",VLOOKUP(C5,'General'!$J$9:$N$12,4,FALSE)) -> m | F5: =ROUND(IF(ISBLANK(C5),"",'General'!$D$5*(VLOOKUP(C5,'General'!$J$9:$N$12,3,FALSE))),2) -> 315.09 | G5: 0 | H5: =IF(ISBLANK(C5),"",VLOOKUP(C5,'General'!$J$9:$N$12,5,FALSE)) -> 0 | I5: =IF(ISBLANK(C5),"",H5*F5) -> 0
B6: =IF(ISBLANK(C6),"",'General'!$J$7) -> Walls | C6: ='General'!J10 -> Perimeter wall | D6: =IF(ISBLANK(C6),"",VLOOKUP(C6,'General'!$J$9:$N$12,2,FALSE)) -> 4446 | E6: =IF(ISBLANK(C6),"",VLOOKUP(C6,'General'!$J$9:$N$12,4,FALSE)) -> m | F6: =ROUND(IF(ISBLANK(C6),"",'General'!$D$5*(VLOOKUP(C6,'General'!$J$9:$N$12,3,FALSE))),2) -> 18.03 | G6: 0 | H6: =IF(ISBLANK(C6),"",VLOOKUP(C6,'General'!$J$9:$N$12,5,FALSE)) -> 0 | I6: =IF(ISBLANK(C6),"",H6*F6) -> 0
B7: =IF(ISBLANK(C7),"",'General'!$J$7) -> Walls | C7: ='General'!J11 -> Perimeter windows | D7: =IF(ISBLANK(C7),"",VLOOKUP(C7,'General'!$J$9:$N$12,2,FALSE)) -> 4446 | E7: =IF(ISBLANK(C7),"",VLOOKUP(C7,'General'!$J$9:$N$12,4,FALSE)) -> m | F7: =ROUND(IF(ISBLANK(C7),"",'General'!$D$5*(VLOOKUP(C7,'General'!$J$9:$N$12,3,FALSE))),2) -> 376.41 | G7: 0 | H7: =IF(ISBLANK(C7),"",VLOOKUP(C7,'General'!$J$9:$N$12,5,FALSE)) -> 0 | I7: =IF(ISBLANK(C7),"",H7*F7) -> 0
B8: =IF(ISBLANK(C8),"",'General'!$J$7) -> Walls | C8: ='General'!J12 -> Columns | D8: =IF(ISBLANK(C8),"",VLOOKUP(C8,'General'!$J$9:$N$12,2,FALSE)) -> 4446 | E8: =IF(ISBLANK(C8),"",VLOOKUP(C8,'General'!$J$9:$N$12,4,FALSE)) -> m | F8: =ROUND(IF(ISBLANK(C8),"",'General'!$D$5*(VLOOKUP(C8,'General'!$J$9:$N$12,3,FALSE))),2) -> 139.01 | G8: 0 | H8: =IF(ISBLANK(C8),"",VLOOKUP(C8,'General'!$J$9:$N$12,5,FALSE)) -> 0 | I8: =IF(ISBLANK(C8),"",H8*F8) -> 0

Sheet dropdowns
A1: Material Category | B1: Length Unit Type | C1: Area Unit Type | D1: Volume Unit Type | E1: General Unit Type | F1: units
A2: Floors | B2: cm | C2: cm^2 | D2: cm^3 | E2: Number | F2: cm
A3: Ceilings | B3: m | C3: m^2 | D3: m^3 | F3: m
A4: Walls | B4: f | C4: f^2 | D4: f^3 | F4: feet
A5: Doors | B5: inch | C5: inch^2 | D5: inch^3 | F5: inch
